[
  {
    "ParameterKey": "HomeLabCloudformationStackName",
    "ParameterValue": "onprem-deepshock-awshomelab"
  },
  {
    "ParameterKey": "VPCIPCIDR",
    "ParameterValue": "172.29.0.0/16"
  },
  {
    "ParameterKey": "PublicSubnet01IPCIDR",
    "ParameterValue": "172.29.0.0/24"
  },
  {
    "ParameterKey": "PublicSubnet02IPCIDR",
    "ParameterValue": "172.29.1.0/24"
  },
  {
    "ParameterKey": "PrivateSubnet01IPCIDR",
    "ParameterValue": "172.29.254.0/24"
  },
  {
    "ParameterKey": "PrivateSubnet02IPCIDR",
    "ParameterValue": "172.29.253.0/24"
  },
  {
    "ParameterKey": "SourceS3BucketName",
    "ParameterValue": "deepshock-s3-mgmt-01"
  },
  {
    "ParameterKey": "SourceS3BucketRegion",
    "ParameterValue": "ap-southeast-1"
  },
  {
    "ParameterKey": "SourceS3CfnKeyPrefix",
    "ParameterValue": "awshomelab-templates"
  },
  {
    "ParameterKey": "IngressPublicIP",
    "ParameterValue": "116.87.59.148/32"
  }
]