[
    {
        "ParameterKey": "HomeLabCloudformationStackName",
        "UsePreviousValue": true
    },
    {
        "ParameterKey": "VPCIPCIDR",
        "UsePreviousValue": true
    },
    {
        "ParameterKey": "PublicSubnet01IPCIDR",
        "UsePreviousValue": true
    },
    {
        "ParameterKey": "PublicSubnet02IPCIDR",
        "UsePreviousValue": true
    },
    {
        "ParameterKey": "PrivateSubnet01IPCIDR",
        "UsePreviousValue": true
    },
    {
        "ParameterKey": "PrivateSubnet02IPCIDR",
        "UsePreviousValue": true
    },
    {
        "ParameterKey": "SourceS3BucketName",
        "UsePreviousValue": true
    },
    {
        "ParameterKey": "SourceS3BucketRegion",
        "UsePreviousValue": true
    },
    {
        "ParameterKey": "SourceS3CfnKeyPrefix",
        "UsePreviousValue": true
    },
    {
        "ParameterKey": "IngressPublicIP",
        "UsePreviousValue": true
    }
]