{
    "Parameters" : {
      "HomeLabCloudformationStackName" : "onprem-deepshock-awshomelab",
      "VPCIPCIDR" : "172.29.0.0/16",
      "PublicSubnet01IPCIDR" : "172.29.0.0/24",
      "PublicSubnet02IPCIDR" : "172.29.1.0/24",
      "PrivateSubnet01IPCIDR" : "172.29.254.0/24",
      "PrivateSubnet02IPCIDR" : "172.29.253.0/24",
      "SourceS3BucketName": "deepshock-s3-mgmt-01",
      "SourceS3BucketRegion": "ap-southeast-1",
      "SourceS3CfnKeyPrefix": "awshomelab-templates",
      "IngressPublicIP": "116.87.59.148/32"
    }
  }